suite,workload,count,mode,baseline_median_ns,baseline_min_ns,baseline_max_ns,current_median_ns,current_min_ns,current_max_ns,ratio,image_or_input_sha256
native,tail/hyper,0,initial,29958,29958,30417,29500,29250,31125,0.984712,234e1ce288a576910e5d0cf56d64ac59586c9d58958d605b94ffddf735b91ec1
native,tail/hyper,0,restore,37583,37375,37792,38000,37041,39333,1.011095,813d4b0813dd7f416c97bdde8e6c13cf9dd01f9824c84570765d4a8327bec7f9
native,tail/hyper,31,initial,395458,394917,396000,303917,302292,305000,0.768519,84f287e20b741051d65b152e1169df680c7ca75f0440335709abf8a0b9ccfb56
native,tail/hyper,31,restore,411333,410458,444375,311792,310584,330000,0.758004,e0e92ccecb636e9c7c23065edd2ee144fadea29ddde58f1fcbe2d1434f528926
native,tail/hyper,127,initial,1747750,1741750,1824167,1198791,1164625,1215208,0.685905,11a4f2e90b7df03994d5b8d598e4359590f16439e5ab248e17fdd15819b03549
native,tail/hyper,127,restore,1759666,1750375,1860250,1152542,1147166,1196542,0.654978,56a95f3939ee7c0f7e76f0d82d29d77b25fb5f6ea1aa06253930f7674e0bfebe
native,tail/hyper,512,initial,9970208,9956625,9996125,4542416,4542167,4544709,0.455599,bdfe0f7aa9dfb8ff8b8595096592e481ad43d76b55670a0245262e41fca0cf31
native,tail/hyper,512,restore,9974041,9939875,10023875,4490416,4482167,4540250,0.450210,a82f2e399e8b9958578fb31148e9f33ed083402addc285d8279466628e6ab593
native,tail/direct,0,initial,4667,4625,4667,4667,4667,4667,1.000000,5798d2d48077457dccb32ede3b536da12e25ec2c91411aa728258b7bc410459b
native,tail/direct,0,restore,6292,6166,6333,6333,6333,6333,1.006516,7b58b99070334de30016fdf76df4966681f04f545522b6715ce831876f7a9b87
native,tail/direct,31,initial,20708,20542,20875,20500,20458,21750,0.989956,3c87d3f1c54d74e76b9120f04495a944d6bd9162994bd8efe0414f9dcc26c578
native,tail/direct,31,restore,22125,21959,22167,22208,21792,22291,1.003751,e54c27ded5654864d4c9064417fc838d00d6c7b50c255b08a07333ee18de3d4f
native,tail/direct,127,initial,70209,70125,70416,70583,70166,70625,1.005327,e30c0c2926d97a7e298f96f02f2fa637aeb1c8e36749a8c711f5cc5d48cf0980
native,tail/direct,127,restore,71750,71041,72459,71750,71583,72250,1.000000,3da099ff1bd3ac1475b85f17880ce085281589c9ece04a4e2bf27ce703dace4a
native,tail/direct,512,initial,270083,269875,270542,270250,269500,293125,1.000618,1483961d017559752166ffaccd24a14b60c68879efc4c2fbc8c0b13381b8a912
native,tail/direct,512,restore,269333,269000,273042,279500,270042,303333,1.037749,9230bb76c09bef7a499add5bef5a300d1c9074f8e82b7d353d0d4396d68bdb1b
native,fold/hyper,0,initial,46625,45875,48084,45416,45209,47292,0.974070,6de5000684f708dc2d0c2d1ca8f9bd304299c5bb8f188bb015baf2919aba9dd6
native,fold/hyper,0,restore,56209,55541,56334,55041,54875,59583,0.979220,916c891707b2cb00badff6f9089f7df93c88ef0c6ae81b8c6a12dca834b4bc89
native,fold/hyper,31,initial,945750,936625,992958,864333,863083,900541,0.913913,f73bd413ebcd03a9bd72c0f5aec104a84b9938647d190f8ebf006f68f4b19fa8
native,fold/hyper,31,restore,1019916,973958,1026250,850125,840083,891250,0.833525,c5827dd598c62ebda14ad0ae21f01c48f760e27887598f54f1f96fe91273adb9
native,fold/hyper,128,initial,6314250,6282500,6511167,5542125,5530459,5656625,0.877717,1eee4c923b08c8f8e1d3f9e807ad92a94e5b6cacaeecd08ff153ba3d5cc0e6af
native,fold/hyper,128,restore,6368208,6360375,6396083,5556375,5546625,5577709,0.872518,5e97d0422410a7a374f4ef8ea03f940fefb1334d015f3fb014e5d268c06c33f8
native,fold/hyper,512,initial,89752541,89743417,89757792,80076083,79329792,80130125,0.892187,3538c0a475f07f7f4add9aa1e14ee05e5b8a253d1259adba079fdc0320f4fee1
native,fold/hyper,512,restore,95896083,95832833,96103333,83882958,82731041,83932875,0.874728,263d5bd234826932c8a42af62594922f78d9ce0eb3de1a6c7eb5ae55037d1c84
native,fold/direct,0,initial,14250,14209,14291,14416,14167,14625,1.011649,82afaae6b068777987c8d17942c15faf9ddeb3e04c8bb8cba51e5f0795d3e8c7
native,fold/direct,0,restore,16583,16292,17875,16667,16292,17084,1.005065,0e38833eb55a2eca06fea47843ca889c1407562e935b1422bb0120ebbb3ab023
native,fold/direct,31,initial,324750,318333,326708,319625,317542,320708,0.984219,e0fef257db090d05e534322e59ca69f2f21b6186680710722f00120791dd6b91
native,fold/direct,31,restore,321625,321167,331875,323792,319167,338000,1.006738,208e4c309788636eeb185c0954564b3cc8b60ca8325557109b9a30633adc0cb9
native,fold/direct,128,initial,3019500,3001417,3025834,3020875,2983666,3038500,1.000455,1600c3bba9bcc26fe766d1d983b6192039450258e9f418e5a60b924b6f7659dc
native,fold/direct,128,restore,3009709,2991000,3024834,3017584,3011959,3028708,1.002617,cd97e8121759292f7b4c17b00d56f766acbdb0ef5d9dfa4bab0dbf4aef38bca0
native,fold/direct,512,initial,47601333,47579541,47610166,47520959,47509042,47584333,0.998312,41dd714411c9a5551fabb253156a44a2430b9d08b7961350ecc54ffe29c6b299
native,fold/direct,512,restore,40172167,40080500,40467125,40089625,40022084,40150500,0.997945,b256a2811321491e8ba759ad00d2a022160e0f08d675f0b873b7fb6ecc453abf
native,fold/materialized,0,initial,20958,20750,21750,21250,20833,21542,1.013933,b5d7f7b58e4ab9b6e1e16fcb81c1c0ac9c05aa5d810b2a80e7c6ba3ef83a0818
native,fold/materialized,0,restore,23542,23541,24458,24041,23792,24584,1.021196,5459a74d8145ecdb618013be80ff6912ca541c6252577d5ad9f5498846f7d8af
native,fold/materialized,31,initial,338292,335834,344375,343250,342875,349375,1.014656,09a449b195cca220101ed1e374a577daf0460adc9cc09b88852fe9c55cdd7d5d
native,fold/materialized,31,restore,357417,356333,363583,357833,357250,358458,1.001164,1f07bccf33c7d0fcafa155ccfd6291dfa3c4170718b7d4ade7f9342038ccc3fe
native,fold/materialized,128,initial,2852625,2832584,2856500,2806916,2801750,2817584,0.983977,dc4a53543224a8f217956f99db3e95343068025c8789e45c6a3747c9cc51b800
native,fold/materialized,128,restore,2774708,2757209,2783209,2754042,2747625,2782292,0.992552,616514966d72c37c03f14685e506786b0b0e0762c309e2a37f31edb4e368edcb
native,fold/materialized,512,initial,31788041,31558500,32110167,31678833,31576292,31903750,0.996564,e8478fcb75633045703f74b76917b9a653c6e2765f6d4d84a2b0b5e00f7ac13a
native,fold/materialized,512,restore,32109125,32005583,32244750,32064500,31872084,32177584,0.998610,0fb1adddac90e733e156617e80507e762d7980f342cf7ea42e88c9a0960c12ee
wasm,tail/hyper,0,uninterrupted,1185833,554666,11022167,659750,562000,2720667,0.556360,ad8e4f4db38dcdb60fd7ff6907aa9903c5fcce527c12853207ae6925d5884c96
wasm,tail/hyper,0,resident,1426208,508041,2166208,591375,461250,1512125,0.414648,ad8e4f4db38dcdb60fd7ff6907aa9903c5fcce527c12853207ae6925d5884c96
wasm,tail/hyper,0,fresh,1065583,417959,7166208,1051834,443083,2323500,0.987097,ad8e4f4db38dcdb60fd7ff6907aa9903c5fcce527c12853207ae6925d5884c96
wasm,tail/hyper,127,uninterrupted,5117042,4553875,5371959,3104750,2737458,3615084,0.606747,ad8e4f4db38dcdb60fd7ff6907aa9903c5fcce527c12853207ae6925d5884c96
wasm,tail/hyper,127,resident,17405542,16429209,17605334,4853250,4623458,5584584,0.278834,ad8e4f4db38dcdb60fd7ff6907aa9903c5fcce527c12853207ae6925d5884c96
wasm,tail/hyper,127,fresh,88620958,63560208,89546791,30596833,28261666,48001208,0.345255,ad8e4f4db38dcdb60fd7ff6907aa9903c5fcce527c12853207ae6925d5884c96
wasm,tail/hyper,512,uninterrupted,27577791,26844917,28742000,9508000,8932875,10320916,0.344770,ad8e4f4db38dcdb60fd7ff6907aa9903c5fcce527c12853207ae6925d5884c96
wasm,tail/hyper,512,resident,191850625,190341750,209197625,17646125,16992917,17725084,0.091978,ad8e4f4db38dcdb60fd7ff6907aa9903c5fcce527c12853207ae6925d5884c96
wasm,tail/hyper,512,fresh,612321333,579283167,622367834,104251750,100707833,128095875,0.170257,ad8e4f4db38dcdb60fd7ff6907aa9903c5fcce527c12853207ae6925d5884c96
wasm,tail/direct,0,uninterrupted,979500,301375,1010417,375708,333625,1192666,0.383571,63202e3768da28b387bfdac457b5eddf3c7e4025c347a96fc2819675f9af3cf8
wasm,tail/direct,0,resident,1021250,338833,1159541,424458,346125,1106333,0.415626,63202e3768da28b387bfdac457b5eddf3c7e4025c347a96fc2819675f9af3cf8
wasm,tail/direct,0,fresh,1099291,320917,1113250,373250,320792,1133917,0.339537,63202e3768da28b387bfdac457b5eddf3c7e4025c347a96fc2819675f9af3cf8
wasm,tail/direct,127,uninterrupted,1352000,548250,1695708,680958,556875,1441875,0.503667,63202e3768da28b387bfdac457b5eddf3c7e4025c347a96fc2819675f9af3cf8
wasm,tail/direct,127,resident,1297042,587458,9421833,1358875,659167,2131750,1.047672,63202e3768da28b387bfdac457b5eddf3c7e4025c347a96fc2819675f9af3cf8
wasm,tail/direct,127,fresh,7436416,3188000,14880250,3901333,3378667,13002792,0.524625,63202e3768da28b387bfdac457b5eddf3c7e4025c347a96fc2819675f9af3cf8
wasm,tail/direct,512,uninterrupted,1822375,1107208,2279833,1689625,1082833,9554125,0.927155,63202e3768da28b387bfdac457b5eddf3c7e4025c347a96fc2819675f9af3cf8
wasm,tail/direct,512,resident,2034792,1291792,2565209,1560292,1326583,3374541,0.766807,63202e3768da28b387bfdac457b5eddf3c7e4025c347a96fc2819675f9af3cf8
wasm,tail/direct,512,fresh,24590625,14576083,25853875,14474167,13768791,24588125,0.588605,63202e3768da28b387bfdac457b5eddf3c7e4025c347a96fc2819675f9af3cf8
wasm,fold/hyper,128,uninterrupted,13711417,12798542,14146666,11810084,10990125,12059625,0.861332,aad235e4e903cdbf158bf2ca600b8f05f0b34a7b619d35da2b835a2165812652
wasm,fold/hyper,128,resident,34375375,32453875,48507292,21481625,20400417,22609041,0.624913,aad235e4e903cdbf158bf2ca600b8f05f0b34a7b619d35da2b835a2165812652
wasm,fold/hyper,128,fresh,151591458,119990958,153195292,86889959,84270084,111750625,0.573185,aad235e4e903cdbf158bf2ca600b8f05f0b34a7b619d35da2b835a2165812652
wasm,fold/direct,128,uninterrupted,6476084,5775292,6672291,5881916,5722542,6569000,0.908252,19f24bbf62bd6dce3c76a56864fd02a8787f2229de0f120819ad2b039bc5ea11
wasm,fold/direct,128,resident,10030958,9463834,22570167,9708333,9634541,10596667,0.967837,19f24bbf62bd6dce3c76a56864fd02a8787f2229de0f120819ad2b039bc5ea11
wasm,fold/direct,128,fresh,55211458,38874792,55942333,38952125,38615041,55790208,0.705508,19f24bbf62bd6dce3c76a56864fd02a8787f2229de0f120819ad2b039bc5ea11
wasm,fold/materialized,128,uninterrupted,6379667,5422583,17375166,5907875,5340333,6188709,0.926048,c158a7a6edace7cd34e155a1fdb199ecf827cbc242baa316f0565d344c41081c
wasm,fold/materialized,128,resident,7339750,6475208,7444625,6577792,6441166,7633292,0.896187,c158a7a6edace7cd34e155a1fdb199ecf827cbc242baa316f0565d344c41081c
wasm,fold/materialized,128,fresh,49419167,34072333,50711750,34818292,34365083,51001541,0.704550,c158a7a6edace7cd34e155a1fdb199ecf827cbc242baa316f0565d344c41081c
native-control,scalar,0,fresh-chain,2459,2417,2542,2417,2416,2458,0.982920,1e30c17fe5e98ebade3d9a99864344ae8f43bb86664bcc524087bc31f5e91e3a
native-control,deep,0,fresh-chain,11166,11125,11250,11209,11209,11916,1.003851,d4dced3c461d1af6ff1abaffa783536fa8941eec85a964ab86a013e64b782392
native-control,reentrant,0,fresh-chain,94667,93583,96125,94500,94083,94583,0.998236,d85782c1913276a7b5331b2ef24eedc2aeaaecd2d7805c802fef42c1d891f555
native-control,cleanup,0,fresh-chain,171127,171000,177917,173375,173292,174166,1.013136,1e7b78691040b14d12e3ebc7758188563ed06a0984784f47a9c100829c91a26e
native-control,generator,0,fresh-chain,155084,143292,155625,150167,147583,150209,0.968295,e56d6d9506f69bcda4648041512d4a247eb5ff879cb9c9b98a22a7779398c701
native-control,retained_loop,128,fresh-chain,270125,268875,270208,272125,270292,288958,1.007404,3fd67337ce4d5d62bf1e6cea4550f20284f3dfba164b9a2ae185867097c95ba9
